id;image_url;name;description;price;quantity;link
1;Ergonomic Frozen;Unbranded Cotton Pizza Buckinghamshire;Markets salmon;16716;37699;redefine
2;quantify Focused multi-byte;Rustic Savings Account pixel;SAS;44532;18714;SCSI
3;cross-media;Berkshire morph Corporate;Isle of Man service-desk;32057;11093;copy Licensed Granite Fish
4;Pa'anga quantifying withdrawal;New Mexico panel;index Estonia;68216;58049;Ohio Checking Account
5;Cheese Bahamian Dollar Brunei Dollar;Automotive;Refined engage;88382;75861;Quality Orchestrator Officer
6;Cambridgeshire hardware Car;calculating purple Music;e-services sky blue;6435;19058;Awesome Fresh Keyboard
7;Savings Account transmitting Branding;Program invoice;redefine transition Chair;62338;93911;sky blue payment SAS
8;Pennsylvania;cutting-edge;Future;15282;46128;applications exploit
9;heuristic Table Australian Dollar;Steel Sleek Fresh Chair;Stand-alone;36831;46651;capacitor Alabama
10;Savings Account deposit IB;quantify Intelligent Wooden Gloves;quantifying;71839;69548;Sausages back-end
